starttime	seconds	ctime	dtime	ttime	wait
Tue May 09 23:08:27 2017	1494364107	0	15	15	15
Tue May 09 23:08:27 2017	1494364107	0	16	16	16
Tue May 09 23:08:27 2017	1494364107	0	16	16	16
Tue May 09 23:08:27 2017	1494364107	0	17	17	17
Tue May 09 23:08:27 2017	1494364107	0	19	19	19
Tue May 09 23:08:27 2017	1494364107	0	19	19	19
Tue May 09 23:08:27 2017	1494364107	0	20	20	20
Tue May 09 23:08:27 2017	1494364107	0	20	20	20
Tue May 09 23:08:27 2017	1494364107	0	21	21	21
Tue May 09 23:08:26 2017	1494364106	0	22	22	22
Tue May 09 23:08:27 2017	1494364107	0	23	23	23
Tue May 09 23:08:27 2017	1494364107	0	23	23	23
Tue May 09 23:08:26 2017	1494364106	0	23	23	23
Tue May 09 23:08:27 2017	1494364107	0	23	23	23
Tue May 09 23:08:27 2017	1494364107	0	23	23	23
Tue May 09 23:08:27 2017	1494364107	0	24	24	24
Tue May 09 23:08:27 2017	1494364107	0	25	25	25
Tue May 09 23:08:27 2017	1494364107	0	27	27	27
Tue May 09 23:08:27 2017	1494364107	0	27	27	27
Tue May 09 23:08:26 2017	1494364106	1	26	27	26
Tue May 09 23:08:26 2017	1494364106	1	27	29	27
Tue May 09 23:08:26 2017	1494364106	0	29	29	29
Tue May 09 23:08:27 2017	1494364107	0	30	30	30
Tue May 09 23:08:27 2017	1494364107	0	30	30	30
Tue May 09 23:08:27 2017	1494364107	0	32	32	31
Tue May 09 23:08:27 2017	1494364107	0	32	32	32
Tue May 09 23:08:27 2017	1494364107	0	32	32	32
Tue May 09 23:08:27 2017	1494364107	0	32	32	32
Tue May 09 23:08:27 2017	1494364107	0	33	33	33
Tue May 09 23:08:27 2017	1494364107	0	33	33	33
Tue May 09 23:08:27 2017	1494364107	0	34	34	34
Tue May 09 23:08:27 2017	1494364107	0	34	34	34
Tue May 09 23:08:26 2017	1494364106	1	33	34	33
Tue May 09 23:08:27 2017	1494364107	0	35	35	35
Tue May 09 23:08:27 2017	1494364107	0	35	36	35
Tue May 09 23:08:26 2017	1494364106	1	34	36	34
Tue May 09 23:08:26 2017	1494364106	1	35	36	35
Tue May 09 23:08:27 2017	1494364107	0	36	36	36
Tue May 09 23:08:27 2017	1494364107	0	37	37	37
Tue May 09 23:08:27 2017	1494364107	0	37	37	37
Tue May 09 23:08:27 2017	1494364107	0	37	37	37
Tue May 09 23:08:27 2017	1494364107	0	38	38	38
Tue May 09 23:08:27 2017	1494364107	0	38	38	38
Tue May 09 23:08:27 2017	1494364107	0	39	39	39
Tue May 09 23:08:27 2017	1494364107	0	39	39	39
Tue May 09 23:08:27 2017	1494364107	0	39	39	39
Tue May 09 23:08:27 2017	1494364107	0	40	40	40
Tue May 09 23:08:27 2017	1494364107	0	40	40	40
Tue May 09 23:08:27 2017	1494364107	0	40	40	40
Tue May 09 23:08:26 2017	1494364106	0	42	42	42
Tue May 09 23:08:26 2017	1494364106	0	42	42	42
Tue May 09 23:08:26 2017	1494364106	0	43	43	43
Tue May 09 23:08:28 2017	1494364108	0	43	43	43
Tue May 09 23:08:26 2017	1494364106	0	44	44	44
Tue May 09 23:08:27 2017	1494364107	0	45	45	45
Tue May 09 23:08:26 2017	1494364106	0	45	45	45
Tue May 09 23:08:27 2017	1494364107	0	45	45	45
Tue May 09 23:08:27 2017	1494364107	0	45	45	45
Tue May 09 23:08:28 2017	1494364108	0	46	46	46
Tue May 09 23:08:26 2017	1494364106	0	46	46	46
Tue May 09 23:08:26 2017	1494364106	0	46	46	46
Tue May 09 23:08:27 2017	1494364107	0	46	46	46
Tue May 09 23:08:27 2017	1494364107	0	46	46	46
Tue May 09 23:08:27 2017	1494364107	0	46	46	46
Tue May 09 23:08:27 2017	1494364107	0	46	46	46
Tue May 09 23:08:27 2017	1494364107	0	47	47	47
Tue May 09 23:08:26 2017	1494364106	0	47	47	47
Tue May 09 23:08:28 2017	1494364108	0	47	47	47
Tue May 09 23:08:27 2017	1494364107	0	47	48	47
Tue May 09 23:08:26 2017	1494364106	0	48	48	48
Tue May 09 23:08:27 2017	1494364107	0	48	48	48
Tue May 09 23:08:27 2017	1494364107	0	48	48	48
Tue May 09 23:08:26 2017	1494364106	0	48	48	48
Tue May 09 23:08:27 2017	1494364107	0	48	48	48
Tue May 09 23:08:27 2017	1494364107	0	48	48	48
Tue May 09 23:08:27 2017	1494364107	0	48	48	48
Tue May 09 23:08:27 2017	1494364107	0	49	49	49
Tue May 09 23:08:28 2017	1494364108	0	49	49	49
Tue May 09 23:08:27 2017	1494364107	0	49	49	49
Tue May 09 23:08:27 2017	1494364107	0	49	49	49
Tue May 09 23:08:27 2017	1494364107	0	49	49	49
Tue May 09 23:08:28 2017	1494364108	0	49	49	49
Tue May 09 23:08:27 2017	1494364107	0	50	50	50
Tue May 09 23:08:27 2017	1494364107	0	50	50	50
Tue May 09 23:08:26 2017	1494364106	0	50	50	50
Tue May 09 23:08:27 2017	1494364107	0	51	51	51
Tue May 09 23:08:27 2017	1494364107	0	51	51	51
Tue May 09 23:08:27 2017	1494364107	0	51	51	51
Tue May 09 23:08:27 2017	1494364107	0	51	51	51
Tue May 09 23:08:27 2017	1494364107	0	51	51	51
Tue May 09 23:08:27 2017	1494364107	0	51	51	51
Tue May 09 23:08:27 2017	1494364107	0	51	51	51
Tue May 09 23:08:26 2017	1494364106	0	51	51	51
Tue May 09 23:08:26 2017	1494364106	0	52	52	52
Tue May 09 23:08:26 2017	1494364106	0	53	53	53
Tue May 09 23:08:27 2017	1494364107	0	53	53	53
Tue May 09 23:08:27 2017	1494364107	0	53	53	53
Tue May 09 23:08:26 2017	1494364106	0	53	53	53
Tue May 09 23:08:28 2017	1494364108	0	54	54	54
Tue May 09 23:08:26 2017	1494364106	0	54	54	54
Tue May 09 23:08:27 2017	1494364107	0	54	54	54
Tue May 09 23:08:27 2017	1494364107	0	54	54	54
Tue May 09 23:08:27 2017	1494364107	0	54	54	54
Tue May 09 23:08:27 2017	1494364107	0	54	54	54
Tue May 09 23:08:27 2017	1494364107	0	55	55	55
Tue May 09 23:08:28 2017	1494364108	0	55	55	55
Tue May 09 23:08:27 2017	1494364107	0	55	55	55
Tue May 09 23:08:28 2017	1494364108	0	55	56	55
Tue May 09 23:08:26 2017	1494364106	0	56	56	56
Tue May 09 23:08:27 2017	1494364107	0	56	56	56
Tue May 09 23:08:27 2017	1494364107	0	56	56	56
Tue May 09 23:08:27 2017	1494364107	0	56	56	56
Tue May 09 23:08:28 2017	1494364108	0	56	56	56
Tue May 09 23:08:27 2017	1494364107	0	56	56	56
Tue May 09 23:08:27 2017	1494364107	0	57	57	57
Tue May 09 23:08:28 2017	1494364108	0	57	57	57
Tue May 09 23:08:27 2017	1494364107	0	57	57	57
Tue May 09 23:08:26 2017	1494364106	0	57	57	57
Tue May 09 23:08:27 2017	1494364107	0	58	58	58
Tue May 09 23:08:27 2017	1494364107	0	58	58	58
Tue May 09 23:08:28 2017	1494364108	0	58	58	58
Tue May 09 23:08:27 2017	1494364107	0	58	58	58
Tue May 09 23:08:26 2017	1494364106	0	58	58	58
Tue May 09 23:08:27 2017	1494364107	0	58	58	58
Tue May 09 23:08:27 2017	1494364107	0	59	59	59
Tue May 09 23:08:27 2017	1494364107	0	59	59	59
Tue May 09 23:08:27 2017	1494364107	0	59	59	59
Tue May 09 23:08:27 2017	1494364107	0	59	59	59
Tue May 09 23:08:27 2017	1494364107	0	59	59	59
Tue May 09 23:08:27 2017	1494364107	0	59	59	59
Tue May 09 23:08:26 2017	1494364106	0	59	59	59
Tue May 09 23:08:27 2017	1494364107	0	60	60	60
Tue May 09 23:08:28 2017	1494364108	0	60	60	60
Tue May 09 23:08:27 2017	1494364107	0	61	61	61
Tue May 09 23:08:27 2017	1494364107	0	61	61	61
Tue May 09 23:08:27 2017	1494364107	0	61	61	61
Tue May 09 23:08:27 2017	1494364107	0	61	61	61
Tue May 09 23:08:28 2017	1494364108	0	62	62	62
Tue May 09 23:08:27 2017	1494364107	0	62	62	62
Tue May 09 23:08:27 2017	1494364107	0	62	62	62
Tue May 09 23:08:27 2017	1494364107	0	62	62	62
Tue May 09 23:08:27 2017	1494364107	0	63	63	63
Tue May 09 23:08:27 2017	1494364107	0	63	63	63
Tue May 09 23:08:27 2017	1494364107	0	63	63	63
Tue May 09 23:08:27 2017	1494364107	0	63	63	63
Tue May 09 23:08:26 2017	1494364106	0	64	64	64
Tue May 09 23:08:27 2017	1494364107	0	64	64	64
Tue May 09 23:08:28 2017	1494364108	0	64	64	64
Tue May 09 23:08:27 2017	1494364107	0	64	64	64
Tue May 09 23:08:27 2017	1494364107	0	65	65	65
Tue May 09 23:08:26 2017	1494364106	0	64	65	64
Tue May 09 23:08:27 2017	1494364107	0	65	65	65
Tue May 09 23:08:27 2017	1494364107	0	65	65	65
Tue May 09 23:08:27 2017	1494364107	0	65	65	65
Tue May 09 23:08:27 2017	1494364107	0	65	65	65
Tue May 09 23:08:26 2017	1494364106	0	65	65	65
Tue May 09 23:08:28 2017	1494364108	0	66	66	66
Tue May 09 23:08:27 2017	1494364107	0	66	66	66
Tue May 09 23:08:26 2017	1494364106	0	67	67	67
Tue May 09 23:08:28 2017	1494364108	0	67	67	67
Tue May 09 23:08:27 2017	1494364107	0	67	67	67
Tue May 09 23:08:27 2017	1494364107	0	67	67	67
Tue May 09 23:08:27 2017	1494364107	0	67	67	67
Tue May 09 23:08:26 2017	1494364106	0	67	67	67
Tue May 09 23:08:27 2017	1494364107	0	67	67	67
Tue May 09 23:08:27 2017	1494364107	0	67	67	67
Tue May 09 23:08:27 2017	1494364107	0	67	67	67
Tue May 09 23:08:27 2017	1494364107	0	67	68	67
Tue May 09 23:08:28 2017	1494364108	0	68	68	68
Tue May 09 23:08:27 2017	1494364107	0	68	68	68
Tue May 09 23:08:26 2017	1494364106	0	69	69	69
Tue May 09 23:08:27 2017	1494364107	0	69	69	69
Tue May 09 23:08:28 2017	1494364108	0	69	69	69
Tue May 09 23:08:27 2017	1494364107	0	69	69	69
Tue May 09 23:08:28 2017	1494364108	0	69	69	69
Tue May 09 23:08:27 2017	1494364107	0	69	69	69
Tue May 09 23:08:27 2017	1494364107	0	69	69	69
Tue May 09 23:08:26 2017	1494364106	0	69	69	69
Tue May 09 23:08:27 2017	1494364107	0	69	69	69
Tue May 09 23:08:27 2017	1494364107	0	70	70	70
Tue May 09 23:08:27 2017	1494364107	0	69	70	69
Tue May 09 23:08:27 2017	1494364107	0	70	70	70
Tue May 09 23:08:27 2017	1494364107	0	70	70	70
Tue May 09 23:08:27 2017	1494364107	0	70	70	70
Tue May 09 23:08:26 2017	1494364106	0	70	70	70
Tue May 09 23:08:26 2017	1494364106	0	70	70	70
Tue May 09 23:08:27 2017	1494364107	0	70	71	70
Tue May 09 23:08:27 2017	1494364107	0	71	71	70
Tue May 09 23:08:27 2017	1494364107	0	71	71	71
Tue May 09 23:08:26 2017	1494364106	0	71	71	71
Tue May 09 23:08:27 2017	1494364107	0	71	71	71
Tue May 09 23:08:27 2017	1494364107	0	71	71	71
Tue May 09 23:08:26 2017	1494364106	0	71	72	71
Tue May 09 23:08:27 2017	1494364107	0	72	72	72
Tue May 09 23:08:27 2017	1494364107	0	72	72	72
Tue May 09 23:08:27 2017	1494364107	0	72	72	72
Tue May 09 23:08:26 2017	1494364106	0	72	72	72
Tue May 09 23:08:27 2017	1494364107	0	72	72	72
Tue May 09 23:08:27 2017	1494364107	0	72	72	72
Tue May 09 23:08:28 2017	1494364108	0	72	72	72
Tue May 09 23:08:26 2017	1494364106	1	71	72	71
Tue May 09 23:08:27 2017	1494364107	0	72	72	72
Tue May 09 23:08:26 2017	1494364106	1	71	72	71
Tue May 09 23:08:27 2017	1494364107	0	73	73	73
Tue May 09 23:08:27 2017	1494364107	0	73	73	73
Tue May 09 23:08:28 2017	1494364108	0	73	73	73
Tue May 09 23:08:27 2017	1494364107	0	73	73	73
Tue May 09 23:08:27 2017	1494364107	0	73	73	73
Tue May 09 23:08:27 2017	1494364107	0	73	73	73
Tue May 09 23:08:27 2017	1494364107	0	73	73	73
Tue May 09 23:08:27 2017	1494364107	0	73	73	73
Tue May 09 23:08:27 2017	1494364107	0	73	73	73
Tue May 09 23:08:26 2017	1494364106	0	73	73	73
Tue May 09 23:08:26 2017	1494364106	0	73	73	73
Tue May 09 23:08:27 2017	1494364107	0	73	73	73
Tue May 09 23:08:27 2017	1494364107	0	73	74	73
Tue May 09 23:08:27 2017	1494364107	0	74	74	73
Tue May 09 23:08:27 2017	1494364107	0	73	74	73
Tue May 09 23:08:27 2017	1494364107	0	74	74	74
Tue May 09 23:08:26 2017	1494364106	0	74	74	74
Tue May 09 23:08:26 2017	1494364106	0	74	74	74
Tue May 09 23:08:27 2017	1494364107	0	74	74	74
Tue May 09 23:08:27 2017	1494364107	0	74	74	74
Tue May 09 23:08:26 2017	1494364106	1	73	75	73
Tue May 09 23:08:28 2017	1494364108	0	75	75	75
Tue May 09 23:08:27 2017	1494364107	0	75	75	75
Tue May 09 23:08:27 2017	1494364107	0	75	75	75
Tue May 09 23:08:26 2017	1494364106	1	74	75	74
Tue May 09 23:08:27 2017	1494364107	0	75	75	75
Tue May 09 23:08:28 2017	1494364108	0	75	75	75
Tue May 09 23:08:28 2017	1494364108	0	75	75	75
Tue May 09 23:08:26 2017	1494364106	1	74	75	74
Tue May 09 23:08:26 2017	1494364106	0	75	75	75
Tue May 09 23:08:27 2017	1494364107	0	75	75	75
Tue May 09 23:08:28 2017	1494364108	0	75	76	75
Tue May 09 23:08:28 2017	1494364108	0	76	76	76
Tue May 09 23:08:27 2017	1494364107	0	76	76	76
Tue May 09 23:08:27 2017	1494364107	0	76	76	76
Tue May 09 23:08:28 2017	1494364108	0	76	76	76
Tue May 09 23:08:27 2017	1494364107	0	76	76	76
Tue May 09 23:08:27 2017	1494364107	0	76	76	76
Tue May 09 23:08:26 2017	1494364106	0	76	76	76
Tue May 09 23:08:26 2017	1494364106	0	76	76	76
Tue May 09 23:08:27 2017	1494364107	0	76	76	76
Tue May 09 23:08:27 2017	1494364107	0	76	76	76
Tue May 09 23:08:26 2017	1494364106	0	76	77	76
Tue May 09 23:08:27 2017	1494364107	0	77	77	77
Tue May 09 23:08:27 2017	1494364107	0	77	77	77
Tue May 09 23:08:27 2017	1494364107	0	77	77	77
Tue May 09 23:08:27 2017	1494364107	0	77	77	77
Tue May 09 23:08:27 2017	1494364107	0	77	77	77
Tue May 09 23:08:27 2017	1494364107	0	77	77	77
Tue May 09 23:08:27 2017	1494364107	0	77	77	77
Tue May 09 23:08:26 2017	1494364106	0	77	77	77
Tue May 09 23:08:26 2017	1494364106	0	78	78	78
Tue May 09 23:08:27 2017	1494364107	0	78	78	78
Tue May 09 23:08:27 2017	1494364107	0	78	78	78
Tue May 09 23:08:28 2017	1494364108	0	78	78	78
Tue May 09 23:08:27 2017	1494364107	0	78	78	78
Tue May 09 23:08:27 2017	1494364107	0	78	78	78
Tue May 09 23:08:27 2017	1494364107	0	78	78	78
Tue May 09 23:08:27 2017	1494364107	0	78	78	78
Tue May 09 23:08:27 2017	1494364107	0	78	79	78
Tue May 09 23:08:27 2017	1494364107	0	79	79	79
Tue May 09 23:08:27 2017	1494364107	0	79	79	79
Tue May 09 23:08:27 2017	1494364107	0	79	79	79
Tue May 09 23:08:28 2017	1494364108	0	79	79	79
Tue May 09 23:08:27 2017	1494364107	0	79	79	79
Tue May 09 23:08:27 2017	1494364107	0	79	79	79
Tue May 09 23:08:26 2017	1494364106	0	79	79	79
Tue May 09 23:08:28 2017	1494364108	0	79	79	79
Tue May 09 23:08:27 2017	1494364107	0	79	80	79
Tue May 09 23:08:27 2017	1494364107	0	80	80	80
Tue May 09 23:08:27 2017	1494364107	0	80	80	80
Tue May 09 23:08:27 2017	1494364107	0	80	80	80
Tue May 09 23:08:26 2017	1494364106	0	80	80	80
Tue May 09 23:08:26 2017	1494364106	0	80	80	80
Tue May 09 23:08:27 2017	1494364107	0	80	80	80
Tue May 09 23:08:27 2017	1494364107	0	80	80	80
Tue May 09 23:08:27 2017	1494364107	0	80	80	80
Tue May 09 23:08:26 2017	1494364106	0	80	80	80
Tue May 09 23:08:27 2017	1494364107	0	80	80	80
Tue May 09 23:08:28 2017	1494364108	0	80	80	80
Tue May 09 23:08:27 2017	1494364107	0	80	81	80
Tue May 09 23:08:27 2017	1494364107	0	81	81	81
Tue May 09 23:08:27 2017	1494364107	0	81	81	81
Tue May 09 23:08:27 2017	1494364107	0	81	81	81
Tue May 09 23:08:27 2017	1494364107	0	81	81	81
Tue May 09 23:08:27 2017	1494364107	0	81	81	81
Tue May 09 23:08:27 2017	1494364107	0	81	81	81
Tue May 09 23:08:27 2017	1494364107	0	81	81	81
Tue May 09 23:08:27 2017	1494364107	0	81	81	81
Tue May 09 23:08:26 2017	1494364106	0	81	81	81
Tue May 09 23:08:28 2017	1494364108	0	81	81	81
Tue May 09 23:08:26 2017	1494364106	0	81	81	81
Tue May 09 23:08:27 2017	1494364107	0	81	81	81
Tue May 09 23:08:27 2017	1494364107	0	82	82	82
Tue May 09 23:08:27 2017	1494364107	0	82	82	82
Tue May 09 23:08:27 2017	1494364107	0	82	82	82
Tue May 09 23:08:27 2017	1494364107	0	82	82	82
Tue May 09 23:08:27 2017	1494364107	0	82	82	82
Tue May 09 23:08:27 2017	1494364107	0	82	82	82
Tue May 09 23:08:28 2017	1494364108	0	82	82	82
Tue May 09 23:08:27 2017	1494364107	0	82	82	82
Tue May 09 23:08:26 2017	1494364106	0	82	83	82
Tue May 09 23:08:26 2017	1494364106	0	83	83	83
Tue May 09 23:08:27 2017	1494364107	0	83	83	83
Tue May 09 23:08:27 2017	1494364107	0	83	83	83
Tue May 09 23:08:27 2017	1494364107	0	83	83	83
Tue May 09 23:08:27 2017	1494364107	0	83	83	83
Tue May 09 23:08:27 2017	1494364107	0	83	83	83
Tue May 09 23:08:27 2017	1494364107	0	83	83	83
Tue May 09 23:08:26 2017	1494364106	0	83	83	83
Tue May 09 23:08:27 2017	1494364107	0	83	83	83
Tue May 09 23:08:27 2017	1494364107	0	83	83	83
Tue May 09 23:08:27 2017	1494364107	0	83	83	83
Tue May 09 23:08:27 2017	1494364107	0	83	83	83
Tue May 09 23:08:27 2017	1494364107	0	83	83	83
Tue May 09 23:08:28 2017	1494364108	0	83	83	83
Tue May 09 23:08:26 2017	1494364106	0	83	84	83
Tue May 09 23:08:26 2017	1494364106	0	84	84	84
Tue May 09 23:08:27 2017	1494364107	0	84	84	84
Tue May 09 23:08:27 2017	1494364107	0	84	84	84
Tue May 09 23:08:26 2017	1494364106	0	84	84	84
Tue May 09 23:08:27 2017	1494364107	0	84	84	84
Tue May 09 23:08:27 2017	1494364107	0	84	84	84
Tue May 09 23:08:27 2017	1494364107	0	84	84	84
Tue May 09 23:08:27 2017	1494364107	0	84	85	84
Tue May 09 23:08:26 2017	1494364106	0	85	85	85
Tue May 09 23:08:26 2017	1494364106	1	84	85	83
Tue May 09 23:08:26 2017	1494364106	0	85	85	85
Tue May 09 23:08:27 2017	1494364107	0	85	85	85
Tue May 09 23:08:27 2017	1494364107	0	85	85	85
Tue May 09 23:08:27 2017	1494364107	0	85	85	85
Tue May 09 23:08:27 2017	1494364107	0	85	85	85
Tue May 09 23:08:27 2017	1494364107	0	85	85	85
Tue May 09 23:08:26 2017	1494364106	0	85	86	85
Tue May 09 23:08:27 2017	1494364107	0	86	86	86
Tue May 09 23:08:27 2017	1494364107	0	86	86	86
Tue May 09 23:08:28 2017	1494364108	0	86	86	86
Tue May 09 23:08:27 2017	1494364107	0	86	86	86
Tue May 09 23:08:27 2017	1494364107	0	86	86	86
Tue May 09 23:08:27 2017	1494364107	0	86	86	86
Tue May 09 23:08:28 2017	1494364108	0	86	86	86
Tue May 09 23:08:26 2017	1494364106	0	86	86	86
Tue May 09 23:08:27 2017	1494364107	0	86	86	86
Tue May 09 23:08:27 2017	1494364107	0	86	86	86
Tue May 09 23:08:27 2017	1494364107	0	86	86	86
Tue May 09 23:08:28 2017	1494364108	0	86	86	86
Tue May 09 23:08:27 2017	1494364107	0	86	86	86
Tue May 09 23:08:27 2017	1494364107	0	86	86	86
Tue May 09 23:08:27 2017	1494364107	0	86	87	86
Tue May 09 23:08:27 2017	1494364107	0	87	87	87
Tue May 09 23:08:26 2017	1494364106	0	87	87	87
Tue May 09 23:08:26 2017	1494364106	1	86	87	86
Tue May 09 23:08:26 2017	1494364106	1	86	87	86
Tue May 09 23:08:27 2017	1494364107	0	87	87	87
Tue May 09 23:08:27 2017	1494364107	0	87	87	87
Tue May 09 23:08:27 2017	1494364107	0	87	87	87
Tue May 09 23:08:26 2017	1494364106	0	87	87	87
Tue May 09 23:08:27 2017	1494364107	0	87	87	87
Tue May 09 23:08:27 2017	1494364107	0	87	87	87
Tue May 09 23:08:27 2017	1494364107	0	87	87	87
Tue May 09 23:08:28 2017	1494364108	0	87	87	87
Tue May 09 23:08:27 2017	1494364107	0	87	87	87
Tue May 09 23:08:27 2017	1494364107	0	88	88	88
Tue May 09 23:08:27 2017	1494364107	0	88	88	88
Tue May 09 23:08:26 2017	1494364106	0	88	88	88
Tue May 09 23:08:28 2017	1494364108	0	88	88	88
Tue May 09 23:08:27 2017	1494364107	0	88	88	88
Tue May 09 23:08:26 2017	1494364106	0	88	88	88
Tue May 09 23:08:27 2017	1494364107	0	88	88	88
Tue May 09 23:08:27 2017	1494364107	0	88	88	88
Tue May 09 23:08:26 2017	1494364106	0	88	88	88
Tue May 09 23:08:27 2017	1494364107	0	88	88	88
Tue May 09 23:08:26 2017	1494364106	1	87	88	87
Tue May 09 23:08:26 2017	1494364106	1	87	89	87
Tue May 09 23:08:27 2017	1494364107	0	88	89	88
Tue May 09 23:08:27 2017	1494364107	0	88	89	88
Tue May 09 23:08:27 2017	1494364107	0	88	89	88
Tue May 09 23:08:27 2017	1494364107	0	89	89	89
Tue May 09 23:08:28 2017	1494364108	0	89	89	89
Tue May 09 23:08:27 2017	1494364107	0	89	89	89
Tue May 09 23:08:27 2017	1494364107	0	89	89	89
Tue May 09 23:08:26 2017	1494364106	0	89	89	89
Tue May 09 23:08:27 2017	1494364107	0	89	89	89
Tue May 09 23:08:26 2017	1494364106	1	88	89	88
Tue May 09 23:08:27 2017	1494364107	0	89	89	89
Tue May 09 23:08:27 2017	1494364107	0	89	89	89
Tue May 09 23:08:27 2017	1494364107	0	89	89	89
Tue May 09 23:08:27 2017	1494364107	0	89	89	89
Tue May 09 23:08:28 2017	1494364108	0	89	89	89
Tue May 09 23:08:27 2017	1494364107	0	89	90	89
Tue May 09 23:08:27 2017	1494364107	0	89	90	89
Tue May 09 23:08:26 2017	1494364106	0	90	90	90
Tue May 09 23:08:27 2017	1494364107	0	90	90	90
Tue May 09 23:08:27 2017	1494364107	0	90	90	90
Tue May 09 23:08:27 2017	1494364107	0	90	90	90
Tue May 09 23:08:27 2017	1494364107	0	90	90	90
Tue May 09 23:08:27 2017	1494364107	0	90	90	90
Tue May 09 23:08:28 2017	1494364108	0	90	90	90
Tue May 09 23:08:27 2017	1494364107	0	90	90	90
Tue May 09 23:08:27 2017	1494364107	0	91	91	90
Tue May 09 23:08:28 2017	1494364108	0	91	91	91
Tue May 09 23:08:27 2017	1494364107	0	91	91	91
Tue May 09 23:08:27 2017	1494364107	0	91	91	91
Tue May 09 23:08:27 2017	1494364107	0	91	91	91
Tue May 09 23:08:26 2017	1494364106	0	91	91	91
Tue May 09 23:08:27 2017	1494364107	0	91	91	91
Tue May 09 23:08:27 2017	1494364107	0	91	91	91
Tue May 09 23:08:27 2017	1494364107	0	91	91	91
Tue May 09 23:08:27 2017	1494364107	0	91	91	91
Tue May 09 23:08:27 2017	1494364107	0	91	91	91
Tue May 09 23:08:27 2017	1494364107	0	91	91	91
Tue May 09 23:08:27 2017	1494364107	0	91	92	91
Tue May 09 23:08:27 2017	1494364107	0	91	92	91
Tue May 09 23:08:27 2017	1494364107	0	92	92	92
Tue May 09 23:08:27 2017	1494364107	0	92	92	92
Tue May 09 23:08:26 2017	1494364106	0	92	92	92
Tue May 09 23:08:27 2017	1494364107	0	92	92	92
Tue May 09 23:08:27 2017	1494364107	0	92	92	92
Tue May 09 23:08:27 2017	1494364107	0	92	92	92
Tue May 09 23:08:27 2017	1494364107	0	92	92	92
Tue May 09 23:08:27 2017	1494364107	0	92	92	92
Tue May 09 23:08:27 2017	1494364107	0	92	92	92
Tue May 09 23:08:27 2017	1494364107	0	92	92	92
Tue May 09 23:08:27 2017	1494364107	0	92	92	92
Tue May 09 23:08:27 2017	1494364107	0	92	92	92
Tue May 09 23:08:27 2017	1494364107	0	92	92	92
Tue May 09 23:08:27 2017	1494364107	0	92	92	92
Tue May 09 23:08:26 2017	1494364106	1	91	93	91
Tue May 09 23:08:27 2017	1494364107	0	93	93	93
Tue May 09 23:08:26 2017	1494364106	1	92	93	91
Tue May 09 23:08:27 2017	1494364107	0	93	93	93
Tue May 09 23:08:26 2017	1494364106	0	93	93	93
Tue May 09 23:08:27 2017	1494364107	0	93	93	93
Tue May 09 23:08:27 2017	1494364107	0	93	93	93
Tue May 09 23:08:28 2017	1494364108	0	93	93	93
Tue May 09 23:08:28 2017	1494364108	0	93	93	93
Tue May 09 23:08:27 2017	1494364107	0	93	93	93
Tue May 09 23:08:27 2017	1494364107	0	93	93	93
Tue May 09 23:08:26 2017	1494364106	0	94	94	94
Tue May 09 23:08:27 2017	1494364107	0	94	94	94
Tue May 09 23:08:27 2017	1494364107	0	94	94	94
Tue May 09 23:08:27 2017	1494364107	0	94	94	94
Tue May 09 23:08:27 2017	1494364107	0	94	94	94
Tue May 09 23:08:27 2017	1494364107	0	94	94	94
Tue May 09 23:08:27 2017	1494364107	0	94	94	94
Tue May 09 23:08:27 2017	1494364107	0	94	94	94
Tue May 09 23:08:27 2017	1494364107	0	94	94	94
Tue May 09 23:08:27 2017	1494364107	0	94	94	94
Tue May 09 23:08:26 2017	1494364106	0	94	94	94
Tue May 09 23:08:27 2017	1494364107	0	94	94	94
Tue May 09 23:08:28 2017	1494364108	0	95	95	94
Tue May 09 23:08:27 2017	1494364107	0	95	95	95
Tue May 09 23:08:28 2017	1494364108	0	95	95	95
Tue May 09 23:08:27 2017	1494364107	0	95	95	95
Tue May 09 23:08:28 2017	1494364108	0	95	95	95
Tue May 09 23:08:28 2017	1494364108	0	95	95	95
Tue May 09 23:08:26 2017	1494364106	0	95	95	95
Tue May 09 23:08:27 2017	1494364107	0	95	95	95
Tue May 09 23:08:27 2017	1494364107	0	95	95	95
Tue May 09 23:08:27 2017	1494364107	0	95	95	95
Tue May 09 23:08:28 2017	1494364108	0	95	95	95
Tue May 09 23:08:27 2017	1494364107	0	95	95	95
Tue May 09 23:08:27 2017	1494364107	0	95	95	95
Tue May 09 23:08:27 2017	1494364107	0	95	95	95
Tue May 09 23:08:28 2017	1494364108	0	95	95	95
Tue May 09 23:08:27 2017	1494364107	0	95	96	95
Tue May 09 23:08:27 2017	1494364107	0	96	96	95
Tue May 09 23:08:27 2017	1494364107	0	96	96	96
Tue May 09 23:08:28 2017	1494364108	0	96	96	96
Tue May 09 23:08:27 2017	1494364107	0	96	96	96
Tue May 09 23:08:27 2017	1494364107	0	96	96	96
Tue May 09 23:08:27 2017	1494364107	0	96	96	96
Tue May 09 23:08:27 2017	1494364107	0	96	96	96
Tue May 09 23:08:28 2017	1494364108	0	96	96	96
Tue May 09 23:08:27 2017	1494364107	0	96	96	96
Tue May 09 23:08:27 2017	1494364107	0	96	96	96
Tue May 09 23:08:28 2017	1494364108	0	96	96	96
Tue May 09 23:08:26 2017	1494364106	0	96	96	96
Tue May 09 23:08:26 2017	1494364106	1	95	96	95
Tue May 09 23:08:27 2017	1494364107	0	96	96	96
Tue May 09 23:08:27 2017	1494364107	0	96	96	96
Tue May 09 23:08:27 2017	1494364107	0	96	96	96
Tue May 09 23:08:26 2017	1494364106	0	97	97	96
Tue May 09 23:08:27 2017	1494364107	0	96	97	96
Tue May 09 23:08:28 2017	1494364108	0	97	97	97
Tue May 09 23:08:28 2017	1494364108	0	97	97	97
Tue May 09 23:08:27 2017	1494364107	0	97	97	97
Tue May 09 23:08:27 2017	1494364107	0	97	97	97
Tue May 09 23:08:28 2017	1494364108	0	97	97	97
Tue May 09 23:08:27 2017	1494364107	0	97	97	97
Tue May 09 23:08:27 2017	1494364107	0	97	97	97
Tue May 09 23:08:27 2017	1494364107	0	97	97	97
Tue May 09 23:08:27 2017	1494364107	0	97	97	97
Tue May 09 23:08:28 2017	1494364108	0	97	97	97
Tue May 09 23:08:27 2017	1494364107	0	97	97	97
Tue May 09 23:08:28 2017	1494364108	0	97	97	97
Tue May 09 23:08:27 2017	1494364107	0	97	97	97
Tue May 09 23:08:27 2017	1494364107	0	97	97	97
Tue May 09 23:08:28 2017	1494364108	0	97	97	97
Tue May 09 23:08:27 2017	1494364107	0	97	98	97
Tue May 09 23:08:26 2017	1494364106	0	98	98	97
Tue May 09 23:08:27 2017	1494364107	0	98	98	98
Tue May 09 23:08:27 2017	1494364107	0	98	98	98
Tue May 09 23:08:27 2017	1494364107	0	98	98	98
Tue May 09 23:08:27 2017	1494364107	0	98	98	98
Tue May 09 23:08:27 2017	1494364107	0	98	98	98
Tue May 09 23:08:26 2017	1494364106	0	98	98	98
Tue May 09 23:08:26 2017	1494364106	0	98	98	98
Tue May 09 23:08:26 2017	1494364106	0	98	98	98
Tue May 09 23:08:27 2017	1494364107	0	98	98	98
Tue May 09 23:08:26 2017	1494364106	0	98	98	98
Tue May 09 23:08:27 2017	1494364107	0	98	99	98
Tue May 09 23:08:27 2017	1494364107	0	98	99	98
Tue May 09 23:08:27 2017	1494364107	0	99	99	98
Tue May 09 23:08:26 2017	1494364106	0	98	99	98
Tue May 09 23:08:27 2017	1494364107	0	99	99	98
Tue May 09 23:08:28 2017	1494364108	0	99	99	99
Tue May 09 23:08:26 2017	1494364106	0	99	99	99
Tue May 09 23:08:27 2017	1494364107	0	99	99	99
Tue May 09 23:08:28 2017	1494364108	0	99	99	99
Tue May 09 23:08:27 2017	1494364107	0	99	99	99
Tue May 09 23:08:26 2017	1494364106	0	99	99	99
Tue May 09 23:08:27 2017	1494364107	0	100	100	100
Tue May 09 23:08:27 2017	1494364107	0	100	100	100
Tue May 09 23:08:26 2017	1494364106	0	100	100	100
Tue May 09 23:08:27 2017	1494364107	0	100	100	100
Tue May 09 23:08:26 2017	1494364106	0	100	100	100
Tue May 09 23:08:27 2017	1494364107	0	100	100	100
Tue May 09 23:08:26 2017	1494364106	0	100	100	100
Tue May 09 23:08:26 2017	1494364106	4	96	100	96
Tue May 09 23:08:27 2017	1494364107	0	100	100	100
Tue May 09 23:08:26 2017	1494364106	0	100	100	100
Tue May 09 23:08:27 2017	1494364107	0	100	100	100
Tue May 09 23:08:27 2017	1494364107	0	100	100	100
Tue May 09 23:08:27 2017	1494364107	0	100	100	100
Tue May 09 23:08:26 2017	1494364106	0	100	100	100
Tue May 09 23:08:26 2017	1494364106	0	100	101	100
Tue May 09 23:08:27 2017	1494364107	0	101	101	101
Tue May 09 23:08:27 2017	1494364107	0	101	101	101
Tue May 09 23:08:27 2017	1494364107	0	101	101	101
Tue May 09 23:08:28 2017	1494364108	0	101	101	101
Tue May 09 23:08:27 2017	1494364107	0	101	101	101
Tue May 09 23:08:27 2017	1494364107	0	101	101	101
Tue May 09 23:08:27 2017	1494364107	0	101	101	100
Tue May 09 23:08:27 2017	1494364107	0	101	101	100
Tue May 09 23:08:27 2017	1494364107	0	101	101	101
Tue May 09 23:08:27 2017	1494364107	0	101	101	101
Tue May 09 23:08:28 2017	1494364108	0	101	101	101
Tue May 09 23:08:26 2017	1494364106	0	101	101	101
Tue May 09 23:08:27 2017	1494364107	0	101	101	101
Tue May 09 23:08:26 2017	1494364106	0	101	101	101
Tue May 09 23:08:27 2017	1494364107	0	101	101	101
Tue May 09 23:08:28 2017	1494364108	0	101	101	101
Tue May 09 23:08:28 2017	1494364108	0	101	101	101
Tue May 09 23:08:27 2017	1494364107	0	101	101	101
Tue May 09 23:08:27 2017	1494364107	0	101	101	101
Tue May 09 23:08:26 2017	1494364106	0	102	102	102
Tue May 09 23:08:27 2017	1494364107	0	102	102	102
Tue May 09 23:08:26 2017	1494364106	0	102	102	102
Tue May 09 23:08:28 2017	1494364108	0	102	102	102
Tue May 09 23:08:26 2017	1494364106	0	102	102	102
Tue May 09 23:08:27 2017	1494364107	0	102	102	102
Tue May 09 23:08:26 2017	1494364106	0	102	102	102
Tue May 09 23:08:27 2017	1494364107	0	102	102	102
Tue May 09 23:08:27 2017	1494364107	0	102	102	102
Tue May 09 23:08:27 2017	1494364107	0	102	102	102
Tue May 09 23:08:28 2017	1494364108	0	102	102	102
Tue May 09 23:08:27 2017	1494364107	0	102	102	102
Tue May 09 23:08:26 2017	1494364106	0	103	103	102
Tue May 09 23:08:27 2017	1494364107	0	103	103	103
Tue May 09 23:08:26 2017	1494364106	0	103	103	103
Tue May 09 23:08:28 2017	1494364108	0	103	103	103
Tue May 09 23:08:27 2017	1494364107	0	103	103	103
Tue May 09 23:08:27 2017	1494364107	0	103	103	103
Tue May 09 23:08:27 2017	1494364107	0	103	103	103
Tue May 09 23:08:26 2017	1494364106	0	103	103	103
Tue May 09 23:08:27 2017	1494364107	0	103	103	103
Tue May 09 23:08:27 2017	1494364107	0	103	103	103
Tue May 09 23:08:27 2017	1494364107	0	103	103	103
Tue May 09 23:08:27 2017	1494364107	0	103	104	103
Tue May 09 23:08:26 2017	1494364106	0	103	104	103
Tue May 09 23:08:27 2017	1494364107	0	104	104	104
Tue May 09 23:08:27 2017	1494364107	0	104	104	104
Tue May 09 23:08:28 2017	1494364108	0	104	104	104
Tue May 09 23:08:26 2017	1494364106	0	104	104	104
Tue May 09 23:08:27 2017	1494364107	0	104	104	104
Tue May 09 23:08:26 2017	1494364106	4	100	104	100
Tue May 09 23:08:27 2017	1494364107	0	104	104	104
Tue May 09 23:08:27 2017	1494364107	0	104	104	104
Tue May 09 23:08:26 2017	1494364106	0	104	104	104
Tue May 09 23:08:26 2017	1494364106	0	104	104	104
Tue May 09 23:08:27 2017	1494364107	0	104	104	104
Tue May 09 23:08:27 2017	1494364107	0	104	104	104
Tue May 09 23:08:27 2017	1494364107	0	104	104	104
Tue May 09 23:08:27 2017	1494364107	0	104	104	104
Tue May 09 23:08:26 2017	1494364106	1	104	105	103
Tue May 09 23:08:26 2017	1494364106	1	104	105	104
Tue May 09 23:08:27 2017	1494364107	0	105	105	105
Tue May 09 23:08:27 2017	1494364107	0	105	105	105
Tue May 09 23:08:27 2017	1494364107	0	105	105	105
Tue May 09 23:08:27 2017	1494364107	0	105	105	105
Tue May 09 23:08:28 2017	1494364108	0	105	105	105
Tue May 09 23:08:27 2017	1494364107	0	105	105	105
Tue May 09 23:08:27 2017	1494364107	0	105	105	105
Tue May 09 23:08:27 2017	1494364107	0	105	105	105
Tue May 09 23:08:27 2017	1494364107	0	105	105	105
Tue May 09 23:08:27 2017	1494364107	0	105	105	105
Tue May 09 23:08:26 2017	1494364106	0	106	106	105
Tue May 09 23:08:27 2017	1494364107	0	106	106	106
Tue May 09 23:08:28 2017	1494364108	0	106	106	106
Tue May 09 23:08:28 2017	1494364108	0	106	106	106
Tue May 09 23:08:27 2017	1494364107	0	106	106	106
Tue May 09 23:08:27 2017	1494364107	0	106	106	106
Tue May 09 23:08:27 2017	1494364107	0	106	106	106
Tue May 09 23:08:27 2017	1494364107	0	107	107	107
Tue May 09 23:08:27 2017	1494364107	0	107	107	106
Tue May 09 23:08:26 2017	1494364106	0	107	107	107
Tue May 09 23:08:26 2017	1494364106	0	107	107	107
Tue May 09 23:08:26 2017	1494364106	0	107	107	107
Tue May 09 23:08:26 2017	1494364106	0	107	107	107
Tue May 09 23:08:28 2017	1494364108	0	107	107	107
Tue May 09 23:08:27 2017	1494364107	0	107	107	107
Tue May 09 23:08:26 2017	1494364106	0	107	107	107
Tue May 09 23:08:26 2017	1494364106	0	107	107	107
Tue May 09 23:08:27 2017	1494364107	0	107	107	107
Tue May 09 23:08:27 2017	1494364107	0	107	108	107
Tue May 09 23:08:27 2017	1494364107	0	108	108	108
Tue May 09 23:08:27 2017	1494364107	0	108	108	108
Tue May 09 23:08:26 2017	1494364106	0	108	108	108
Tue May 09 23:08:26 2017	1494364106	0	108	108	108
Tue May 09 23:08:26 2017	1494364106	4	104	108	104
Tue May 09 23:08:27 2017	1494364107	0	108	108	108
Tue May 09 23:08:26 2017	1494364106	0	108	108	108
Tue May 09 23:08:26 2017	1494364106	0	109	109	108
Tue May 09 23:08:26 2017	1494364106	0	109	109	109
Tue May 09 23:08:26 2017	1494364106	0	109	109	109
Tue May 09 23:08:27 2017	1494364107	0	109	109	109
Tue May 09 23:08:27 2017	1494364107	0	109	109	109
Tue May 09 23:08:27 2017	1494364107	0	110	110	110
Tue May 09 23:08:26 2017	1494364106	0	110	110	110
Tue May 09 23:08:27 2017	1494364107	0	110	110	110
Tue May 09 23:08:26 2017	1494364106	0	110	110	110
Tue May 09 23:08:26 2017	1494364106	0	110	110	110
Tue May 09 23:08:27 2017	1494364107	0	110	110	110
Tue May 09 23:08:28 2017	1494364108	0	110	110	110
Tue May 09 23:08:26 2017	1494364106	0	110	110	110
Tue May 09 23:08:27 2017	1494364107	0	110	111	110
Tue May 09 23:08:26 2017	1494364106	0	111	111	111
Tue May 09 23:08:27 2017	1494364107	0	111	111	111
Tue May 09 23:08:27 2017	1494364107	0	111	111	111
Tue May 09 23:08:26 2017	1494364106	0	112	112	112
Tue May 09 23:08:27 2017	1494364107	0	112	112	112
Tue May 09 23:08:26 2017	1494364106	0	112	112	112
Tue May 09 23:08:28 2017	1494364108	0	112	112	112
Tue May 09 23:08:28 2017	1494364108	0	113	113	113
Tue May 09 23:08:26 2017	1494364106	0	113	113	113
Tue May 09 23:08:26 2017	1494364106	0	113	113	113
Tue May 09 23:08:27 2017	1494364107	0	113	113	113
Tue May 09 23:08:27 2017	1494364107	0	113	113	113
Tue May 09 23:08:27 2017	1494364107	0	113	113	113
Tue May 09 23:08:26 2017	1494364106	0	113	113	113
Tue May 09 23:08:27 2017	1494364107	0	113	113	113
Tue May 09 23:08:26 2017	1494364106	0	113	113	113
Tue May 09 23:08:28 2017	1494364108	0	113	113	113
Tue May 09 23:08:26 2017	1494364106	0	113	113	113
Tue May 09 23:08:27 2017	1494364107	0	114	114	114
Tue May 09 23:08:28 2017	1494364108	0	114	114	114
Tue May 09 23:08:27 2017	1494364107	0	114	114	114
Tue May 09 23:08:26 2017	1494364106	0	114	114	114
Tue May 09 23:08:26 2017	1494364106	0	114	114	114
Tue May 09 23:08:28 2017	1494364108	0	114	114	114
Tue May 09 23:08:26 2017	1494364106	0	114	114	114
Tue May 09 23:08:28 2017	1494364108	0	114	114	114
Tue May 09 23:08:26 2017	1494364106	0	115	115	115
Tue May 09 23:08:27 2017	1494364107	0	115	115	115
Tue May 09 23:08:27 2017	1494364107	0	115	115	115
Tue May 09 23:08:27 2017	1494364107	0	115	115	115
Tue May 09 23:08:28 2017	1494364108	0	115	115	115
Tue May 09 23:08:26 2017	1494364106	0	115	115	115
Tue May 09 23:08:26 2017	1494364106	0	115	115	115
Tue May 09 23:08:27 2017	1494364107	0	115	115	115
Tue May 09 23:08:27 2017	1494364107	0	115	115	115
Tue May 09 23:08:26 2017	1494364106	0	115	115	115
Tue May 09 23:08:27 2017	1494364107	0	115	115	115
Tue May 09 23:08:26 2017	1494364106	0	115	115	115
Tue May 09 23:08:27 2017	1494364107	0	116	116	116
Tue May 09 23:08:26 2017	1494364106	0	116	116	116
Tue May 09 23:08:27 2017	1494364107	0	116	116	116
Tue May 09 23:08:27 2017	1494364107	0	116	116	116
Tue May 09 23:08:27 2017	1494364107	0	116	116	116
Tue May 09 23:08:27 2017	1494364107	0	116	116	116
Tue May 09 23:08:27 2017	1494364107	0	116	116	116
Tue May 09 23:08:26 2017	1494364106	0	116	116	116
Tue May 09 23:08:27 2017	1494364107	0	117	117	117
Tue May 09 23:08:27 2017	1494364107	0	117	117	117
Tue May 09 23:08:28 2017	1494364108	0	117	117	117
Tue May 09 23:08:27 2017	1494364107	0	117	117	117
Tue May 09 23:08:28 2017	1494364108	0	117	117	117
Tue May 09 23:08:27 2017	1494364107	0	117	117	117
Tue May 09 23:08:27 2017	1494364107	0	117	117	117
Tue May 09 23:08:27 2017	1494364107	0	117	117	117
Tue May 09 23:08:27 2017	1494364107	0	118	118	118
Tue May 09 23:08:27 2017	1494364107	0	118	118	118
Tue May 09 23:08:27 2017	1494364107	0	118	118	118
Tue May 09 23:08:27 2017	1494364107	0	118	118	118
Tue May 09 23:08:27 2017	1494364107	0	118	118	118
Tue May 09 23:08:27 2017	1494364107	0	118	118	118
Tue May 09 23:08:27 2017	1494364107	0	118	118	118
Tue May 09 23:08:27 2017	1494364107	0	118	119	118
Tue May 09 23:08:27 2017	1494364107	0	119	119	119
Tue May 09 23:08:28 2017	1494364108	0	119	119	119
Tue May 09 23:08:27 2017	1494364107	0	119	119	119
Tue May 09 23:08:27 2017	1494364107	0	119	119	119
Tue May 09 23:08:27 2017	1494364107	0	119	119	119
Tue May 09 23:08:27 2017	1494364107	0	120	120	120
Tue May 09 23:08:27 2017	1494364107	0	120	120	120
Tue May 09 23:08:26 2017	1494364106	0	120	120	120
Tue May 09 23:08:26 2017	1494364106	0	120	120	120
Tue May 09 23:08:27 2017	1494364107	0	120	120	120
Tue May 09 23:08:26 2017	1494364106	0	120	120	120
Tue May 09 23:08:28 2017	1494364108	0	120	120	120
Tue May 09 23:08:26 2017	1494364106	0	120	120	120
Tue May 09 23:08:28 2017	1494364108	0	120	120	120
Tue May 09 23:08:27 2017	1494364107	0	120	120	120
Tue May 09 23:08:26 2017	1494364106	0	120	120	120
Tue May 09 23:08:27 2017	1494364107	0	121	121	121
Tue May 09 23:08:26 2017	1494364106	0	121	121	121
Tue May 09 23:08:27 2017	1494364107	0	121	121	121
Tue May 09 23:08:26 2017	1494364106	0	122	122	122
Tue May 09 23:08:27 2017	1494364107	0	122	122	122
Tue May 09 23:08:27 2017	1494364107	0	122	122	122
Tue May 09 23:08:27 2017	1494364107	0	122	122	122
Tue May 09 23:08:26 2017	1494364106	0	122	122	122
Tue May 09 23:08:27 2017	1494364107	0	122	122	122
Tue May 09 23:08:28 2017	1494364108	0	122	122	122
Tue May 09 23:08:26 2017	1494364106	0	122	122	122
Tue May 09 23:08:26 2017	1494364106	0	123	123	123
Tue May 09 23:08:26 2017	1494364106	0	123	123	123
Tue May 09 23:08:26 2017	1494364106	0	123	123	123
Tue May 09 23:08:26 2017	1494364106	0	123	123	123
Tue May 09 23:08:26 2017	1494364106	0	123	123	123
Tue May 09 23:08:26 2017	1494364106	0	124	124	124
Tue May 09 23:08:27 2017	1494364107	0	124	124	124
Tue May 09 23:08:26 2017	1494364106	0	124	124	124
Tue May 09 23:08:27 2017	1494364107	0	124	124	124
Tue May 09 23:08:27 2017	1494364107	0	124	124	124
Tue May 09 23:08:28 2017	1494364108	0	124	124	124
Tue May 09 23:08:27 2017	1494364107	0	125	125	124
Tue May 09 23:08:26 2017	1494364106	1	124	125	124
Tue May 09 23:08:26 2017	1494364106	1	124	125	124
Tue May 09 23:08:26 2017	1494364106	1	124	125	124
Tue May 09 23:08:28 2017	1494364108	0	125	125	125
Tue May 09 23:08:26 2017	1494364106	1	124	125	124
Tue May 09 23:08:27 2017	1494364107	0	125	125	125
Tue May 09 23:08:27 2017	1494364107	0	125	125	125
Tue May 09 23:08:26 2017	1494364106	0	125	125	125
Tue May 09 23:08:26 2017	1494364106	0	125	125	125
Tue May 09 23:08:27 2017	1494364107	0	126	126	126
Tue May 09 23:08:27 2017	1494364107	0	126	126	126
Tue May 09 23:08:26 2017	1494364106	0	126	126	126
Tue May 09 23:08:26 2017	1494364106	0	127	127	127
Tue May 09 23:08:26 2017	1494364106	0	128	128	128
Tue May 09 23:08:27 2017	1494364107	0	128	128	128
Tue May 09 23:08:27 2017	1494364107	0	128	128	128
Tue May 09 23:08:28 2017	1494364108	0	128	128	128
Tue May 09 23:08:27 2017	1494364107	0	128	128	128
Tue May 09 23:08:26 2017	1494364106	4	124	128	124
Tue May 09 23:08:27 2017	1494364107	0	128	129	128
Tue May 09 23:08:26 2017	1494364106	1	128	129	128
Tue May 09 23:08:28 2017	1494364108	0	129	129	129
Tue May 09 23:08:26 2017	1494364106	0	129	129	129
Tue May 09 23:08:28 2017	1494364108	0	130	130	130
Tue May 09 23:08:28 2017	1494364108	0	130	130	130
Tue May 09 23:08:27 2017	1494364107	0	130	130	130
Tue May 09 23:08:26 2017	1494364106	0	130	130	130
Tue May 09 23:08:26 2017	1494364106	0	130	130	130
Tue May 09 23:08:26 2017	1494364106	0	130	130	130
Tue May 09 23:08:28 2017	1494364108	0	130	130	130
Tue May 09 23:08:27 2017	1494364107	0	131	131	131
Tue May 09 23:08:26 2017	1494364106	0	131	131	131
Tue May 09 23:08:27 2017	1494364107	0	131	131	131
Tue May 09 23:08:27 2017	1494364107	0	131	131	131
Tue May 09 23:08:27 2017	1494364107	0	131	131	131
Tue May 09 23:08:28 2017	1494364108	0	132	132	132
Tue May 09 23:08:27 2017	1494364107	0	132	132	132
Tue May 09 23:08:27 2017	1494364107	0	132	132	132
Tue May 09 23:08:26 2017	1494364106	1	131	132	131
Tue May 09 23:08:26 2017	1494364106	0	133	133	132
Tue May 09 23:08:28 2017	1494364108	0	133	133	133
Tue May 09 23:08:27 2017	1494364107	0	134	134	133
Tue May 09 23:08:26 2017	1494364106	0	134	134	134
Tue May 09 23:08:26 2017	1494364106	0	134	134	134
Tue May 09 23:08:26 2017	1494364106	0	134	134	134
Tue May 09 23:08:26 2017	1494364106	0	135	135	134
Tue May 09 23:08:27 2017	1494364107	0	135	135	135
Tue May 09 23:08:26 2017	1494364106	0	135	135	135
Tue May 09 23:08:26 2017	1494364106	0	135	135	135
Tue May 09 23:08:26 2017	1494364106	0	135	135	135
Tue May 09 23:08:26 2017	1494364106	0	136	136	136
Tue May 09 23:08:27 2017	1494364107	0	136	136	136
Tue May 09 23:08:28 2017	1494364108	0	137	137	137
Tue May 09 23:08:27 2017	1494364107	0	137	137	137
Tue May 09 23:08:27 2017	1494364107	0	137	137	137
Tue May 09 23:08:27 2017	1494364107	0	137	137	137
Tue May 09 23:08:27 2017	1494364107	0	137	137	137
Tue May 09 23:08:26 2017	1494364106	0	137	138	137
Tue May 09 23:08:27 2017	1494364107	0	138	138	138
Tue May 09 23:08:26 2017	1494364106	0	138	138	138
Tue May 09 23:08:26 2017	1494364106	0	138	138	138
Tue May 09 23:08:28 2017	1494364108	0	138	138	138
Tue May 09 23:08:26 2017	1494364106	0	138	139	138
Tue May 09 23:08:28 2017	1494364108	0	139	139	139
Tue May 09 23:08:26 2017	1494364106	0	139	139	139
Tue May 09 23:08:26 2017	1494364106	0	139	139	139
Tue May 09 23:08:26 2017	1494364106	0	139	139	139
Tue May 09 23:08:26 2017	1494364106	0	139	139	139
Tue May 09 23:08:27 2017	1494364107	0	139	139	139
Tue May 09 23:08:28 2017	1494364108	0	139	139	139
Tue May 09 23:08:26 2017	1494364106	0	140	140	140
Tue May 09 23:08:27 2017	1494364107	0	140	140	140
Tue May 09 23:08:26 2017	1494364106	4	136	140	136
Tue May 09 23:08:26 2017	1494364106	0	140	140	140
Tue May 09 23:08:26 2017	1494364106	4	136	140	136
Tue May 09 23:08:26 2017	1494364106	1	139	140	139
Tue May 09 23:08:26 2017	1494364106	1	139	140	139
Tue May 09 23:08:28 2017	1494364108	0	140	140	140
Tue May 09 23:08:26 2017	1494364106	0	141	141	141
Tue May 09 23:08:26 2017	1494364106	0	141	141	141
Tue May 09 23:08:26 2017	1494364106	0	141	141	141
Tue May 09 23:08:27 2017	1494364107	0	141	141	141
Tue May 09 23:08:26 2017	1494364106	0	141	141	141
Tue May 09 23:08:27 2017	1494364107	0	141	141	141
Tue May 09 23:08:28 2017	1494364108	0	141	141	141
Tue May 09 23:08:28 2017	1494364108	0	141	141	141
Tue May 09 23:08:27 2017	1494364107	0	141	141	141
Tue May 09 23:08:27 2017	1494364107	0	141	141	141
Tue May 09 23:08:26 2017	1494364106	0	141	141	141
Tue May 09 23:08:28 2017	1494364108	0	141	142	141
Tue May 09 23:08:27 2017	1494364107	0	142	142	142
Tue May 09 23:08:28 2017	1494364108	0	142	142	142
Tue May 09 23:08:28 2017	1494364108	0	142	142	142
Tue May 09 23:08:27 2017	1494364107	0	143	143	143
Tue May 09 23:08:26 2017	1494364106	0	144	144	144
Tue May 09 23:08:26 2017	1494364106	4	140	144	140
Tue May 09 23:08:27 2017	1494364107	0	144	144	144
Tue May 09 23:08:26 2017	1494364106	4	140	144	140
Tue May 09 23:08:28 2017	1494364108	0	144	144	144
Tue May 09 23:08:26 2017	1494364106	0	144	145	144
Tue May 09 23:08:26 2017	1494364106	0	145	145	145
Tue May 09 23:08:27 2017	1494364107	0	145	145	145
Tue May 09 23:08:26 2017	1494364106	0	146	146	146
Tue May 09 23:08:26 2017	1494364106	0	146	146	146
Tue May 09 23:08:26 2017	1494364106	0	146	147	146
Tue May 09 23:08:26 2017	1494364106	0	147	147	147
Tue May 09 23:08:27 2017	1494364107	0	147	147	147
Tue May 09 23:08:27 2017	1494364107	0	148	148	148
Tue May 09 23:08:27 2017	1494364107	0	148	148	148
Tue May 09 23:08:27 2017	1494364107	0	148	148	148
Tue May 09 23:08:26 2017	1494364106	4	145	149	145
Tue May 09 23:08:26 2017	1494364106	0	149	149	149
Tue May 09 23:08:26 2017	1494364106	0	150	150	150
Tue May 09 23:08:26 2017	1494364106	0	151	151	151
Tue May 09 23:08:26 2017	1494364106	0	151	151	151
Tue May 09 23:08:26 2017	1494364106	0	151	151	151
Tue May 09 23:08:26 2017	1494364106	0	151	151	151
Tue May 09 23:08:27 2017	1494364107	0	152	152	152
Tue May 09 23:08:26 2017	1494364106	4	148	152	148
Tue May 09 23:08:27 2017	1494364107	0	153	153	153
Tue May 09 23:08:27 2017	1494364107	0	154	154	154
Tue May 09 23:08:26 2017	1494364106	0	154	154	154
Tue May 09 23:08:26 2017	1494364106	0	154	154	154
Tue May 09 23:08:26 2017	1494364106	0	155	155	155
Tue May 09 23:08:27 2017	1494364107	0	155	155	155
Tue May 09 23:08:26 2017	1494364106	0	156	156	156
Tue May 09 23:08:28 2017	1494364108	0	156	156	156
Tue May 09 23:08:26 2017	1494364106	0	156	156	156
Tue May 09 23:08:26 2017	1494364106	0	156	156	156
Tue May 09 23:08:26 2017	1494364106	0	156	157	156
Tue May 09 23:08:26 2017	1494364106	0	157	157	157
Tue May 09 23:08:26 2017	1494364106	0	157	157	157
Tue May 09 23:08:26 2017	1494364106	1	156	158	156
Tue May 09 23:08:26 2017	1494364106	0	158	158	158
Tue May 09 23:08:26 2017	1494364106	0	158	158	158
Tue May 09 23:08:27 2017	1494364107	0	159	159	159
Tue May 09 23:08:26 2017	1494364106	0	159	159	159
Tue May 09 23:08:28 2017	1494364108	0	159	159	159
Tue May 09 23:08:26 2017	1494364106	0	159	159	159
Tue May 09 23:08:27 2017	1494364107	0	160	160	160
Tue May 09 23:08:27 2017	1494364107	0	160	160	160
Tue May 09 23:08:28 2017	1494364108	0	160	160	160
Tue May 09 23:08:26 2017	1494364106	0	161	161	161
Tue May 09 23:08:26 2017	1494364106	0	161	161	161
Tue May 09 23:08:26 2017	1494364106	0	161	161	161
Tue May 09 23:08:27 2017	1494364107	0	162	162	162
Tue May 09 23:08:27 2017	1494364107	0	162	162	162
Tue May 09 23:08:26 2017	1494364106	0	163	163	163
Tue May 09 23:08:26 2017	1494364106	0	164	164	164
Tue May 09 23:08:27 2017	1494364107	0	165	165	165
Tue May 09 23:08:26 2017	1494364106	0	165	165	165
Tue May 09 23:08:27 2017	1494364107	0	165	165	165
Tue May 09 23:08:26 2017	1494364106	0	165	165	165
Tue May 09 23:08:26 2017	1494364106	0	166	166	166
Tue May 09 23:08:26 2017	1494364106	0	166	166	166
Tue May 09 23:08:26 2017	1494364106	0	168	168	167
Tue May 09 23:08:26 2017	1494364106	0	168	168	168
Tue May 09 23:08:26 2017	1494364106	0	168	168	168
Tue May 09 23:08:26 2017	1494364106	0	169	169	169
Tue May 09 23:08:27 2017	1494364107	0	169	169	169
Tue May 09 23:08:26 2017	1494364106	1	169	170	169
Tue May 09 23:08:26 2017	1494364106	4	166	170	166
Tue May 09 23:08:27 2017	1494364107	0	171	171	171
Tue May 09 23:08:27 2017	1494364107	0	171	171	171
Tue May 09 23:08:27 2017	1494364107	0	172	172	172
Tue May 09 23:08:26 2017	1494364106	4	168	173	168
Tue May 09 23:08:26 2017	1494364106	0	173	174	173
Tue May 09 23:08:26 2017	1494364106	0	174	174	174
Tue May 09 23:08:26 2017	1494364106	0	174	174	174
Tue May 09 23:08:26 2017	1494364106	0	174	174	174
Tue May 09 23:08:26 2017	1494364106	0	175	175	175
Tue May 09 23:08:26 2017	1494364106	0	175	175	175
Tue May 09 23:08:26 2017	1494364106	0	177	177	177
Tue May 09 23:08:26 2017	1494364106	0	178	178	178
Tue May 09 23:08:27 2017	1494364107	0	178	178	178
Tue May 09 23:08:26 2017	1494364106	0	179	179	179
Tue May 09 23:08:27 2017	1494364107	0	179	179	179
Tue May 09 23:08:26 2017	1494364106	0	179	179	179
Tue May 09 23:08:27 2017	1494364107	0	179	179	179
Tue May 09 23:08:26 2017	1494364106	1	179	180	179
Tue May 09 23:08:26 2017	1494364106	0	182	182	182
Tue May 09 23:08:26 2017	1494364106	0	182	182	182
Tue May 09 23:08:26 2017	1494364106	0	182	183	182
Tue May 09 23:08:26 2017	1494364106	4	179	183	179
Tue May 09 23:08:26 2017	1494364106	0	184	184	184
Tue May 09 23:08:26 2017	1494364106	0	187	187	187
Tue May 09 23:08:26 2017	1494364106	4	184	188	184
Tue May 09 23:08:26 2017	1494364106	0	188	188	188
Tue May 09 23:08:26 2017	1494364106	1	187	188	187
Tue May 09 23:08:26 2017	1494364106	0	189	189	189
Tue May 09 23:08:26 2017	1494364106	0	189	190	189
Tue May 09 23:08:26 2017	1494364106	0	190	190	190
Tue May 09 23:08:26 2017	1494364106	0	190	190	190
Tue May 09 23:08:26 2017	1494364106	0	191	191	191
Tue May 09 23:08:26 2017	1494364106	0	193	193	193
Tue May 09 23:08:26 2017	1494364106	0	194	194	194
Tue May 09 23:08:26 2017	1494364106	0	194	194	194
Tue May 09 23:08:26 2017	1494364106	0	196	196	196
Tue May 09 23:08:26 2017	1494364106	0	197	197	197
Tue May 09 23:08:26 2017	1494364106	0	198	198	198
Tue May 09 23:08:26 2017	1494364106	0	198	198	198
Tue May 09 23:08:26 2017	1494364106	0	199	199	199
Tue May 09 23:08:26 2017	1494364106	0	200	200	200
Tue May 09 23:08:27 2017	1494364107	0	201	201	201
Tue May 09 23:08:26 2017	1494364106	0	201	201	201
Tue May 09 23:08:26 2017	1494364106	0	201	201	201
Tue May 09 23:08:26 2017	1494364106	0	201	201	201
Tue May 09 23:08:26 2017	1494364106	0	201	202	201
Tue May 09 23:08:26 2017	1494364106	0	203	203	203
Tue May 09 23:08:26 2017	1494364106	0	204	204	204
Tue May 09 23:08:26 2017	1494364106	0	206	206	206
Tue May 09 23:08:26 2017	1494364106	0	207	207	207
Tue May 09 23:08:26 2017	1494364106	0	209	209	209
Tue May 09 23:08:26 2017	1494364106	0	211	211	211
Tue May 09 23:08:26 2017	1494364106	0	211	211	211
Tue May 09 23:08:26 2017	1494364106	0	213	213	213
Tue May 09 23:08:26 2017	1494364106	0	214	214	214
Tue May 09 23:08:26 2017	1494364106	0	214	214	214
Tue May 09 23:08:26 2017	1494364106	0	215	215	215
Tue May 09 23:08:26 2017	1494364106	0	216	216	216
Tue May 09 23:08:26 2017	1494364106	1	216	217	216
Tue May 09 23:08:26 2017	1494364106	0	218	218	218
Tue May 09 23:08:26 2017	1494364106	0	220	220	220
Tue May 09 23:08:26 2017	1494364106	0	223	223	223
Tue May 09 23:08:26 2017	1494364106	0	223	223	223
Tue May 09 23:08:26 2017	1494364106	1	225	226	225
Tue May 09 23:08:26 2017	1494364106	0	227	227	226
Tue May 09 23:08:26 2017	1494364106	0	227	227	227
Tue May 09 23:08:26 2017	1494364106	0	232	232	232
Tue May 09 23:08:26 2017	1494364106	0	233	233	232
Tue May 09 23:08:26 2017	1494364106	0	233	233	233
Tue May 09 23:08:26 2017	1494364106	0	234	234	234
Tue May 09 23:08:26 2017	1494364106	0	235	235	235
Tue May 09 23:08:26 2017	1494364106	0	238	238	238
Tue May 09 23:08:26 2017	1494364106	0	250	251	250
Tue May 09 23:08:26 2017	1494364106	0	261	261	261
Tue May 09 23:08:26 2017	1494364106	0	262	262	262
Tue May 09 23:08:26 2017	1494364106	1	262	263	261
Tue May 09 23:08:26 2017	1494364106	0	267	267	267
Tue May 09 23:08:26 2017	1494364106	0	274	274	274
Tue May 09 23:08:26 2017	1494364106	0	276	276	276
Tue May 09 23:08:26 2017	1494364106	0	283	283	283
Tue May 09 23:08:26 2017	1494364106	0	286	286	286
Tue May 09 23:08:26 2017	1494364106	0	289	289	289
Tue May 09 23:08:26 2017	1494364106	0	294	294	293
Tue May 09 23:08:26 2017	1494364106	0	297	297	297
Tue May 09 23:08:26 2017	1494364106	0	298	298	298
Tue May 09 23:08:26 2017	1494364106	0	321	322	321
Tue May 09 23:08:26 2017	1494364106	0	337	337	337
